START        ,END
1646099132997,	1646099133138
1646099135445,	1646099135590
1646099137912,	1646099138068
1646099140443,	1646099140626
1646099142965,	1646099143153
1646099145525,	1646099145693
1646099148105,	1646099148292
1646099150722,	1646099150889
1646099153223,	1646099153415
1646099155752,	1646099155931
1646099158382,	1646099158525
1646099160912,	1646099161092
1646099163484,	1646099163674
1646099166114,	1646099166350
1646099168763,	1646099168967
1646099171366,	1646099171530
1646099173942,	1646099174094
1646099176476,	1646099176626
1646099179062,	1646099179214
1646099181623,	1646099181775
1646099184192,	1646099184342
1646099186763,	1646099186914
1646099189363,	1646099189516
1646099191943,	1646099192094
1646099194547,	1646099194697
1646099197165,	1646099197319
1646099199803,	1646099199958
1646099202510,	1646099202664
1646099205203,	1646099205376
1646099207883,	1646099208047
1646099210583,	1646099210742
1646099213321,	1646099213490
1646099216041,	1646099216206
1646099218762,	1646099218927
1646099221507,	1646099221667
1646099224263,	1646099224428
1646099227040,	1646099227195
1646099229862,	1646099230031
1646099232662,	1646099232850
1646099235483,	1646099235650
1646099238313,	1646099238526
1646099241202,	1646099241369
1646099244068,	1646099244231
1646099247020,	1646099247194
1646099249927,	1646099250094
1646099252827,	1646099252990
1646099255667,	1646099255836
1646099258521,	1646099258689
1646099261463,	1646099261632
1646099264363,	1646099264546
1646099267280,	1646099267465
1646099270385,	1646099270575
1646099273382,	1646099273556
1646099276382,	1646099276552
1646099279372,	1646099279546
1646099282341,	1646099282516
1646099285361,	1646099285548
1646099288383,	1646099288569
1646099291780,	1646099291966
1646099294840,	1646099295027
1646099297903,	1646099298110
1646099300983,	1646099301169
1646099304045,	1646099304233
1646099307102,	1646099307293
1646099310206,	1646099310391
1646099313392,	1646099313570
1646099316521,	1646099316710
1646099319644,	1646099319830
1646099322802,	1646099322994
1646099325944,	1646099326132
1646099329102,	1646099329292
1646099332302,	1646099332493
1646099335479,	1646099335672
1646099338712,	1646099338932
1646099341919,	1646099342116
1646099345161,	1646099345365
1646099348442,	1646099348645
1646099351698,	1646099351904
1646099354965,	1646099355165
1646099358221,	1646099358432
1646099361501,	1646099361706
1646099364841,	1646099365048
1646099368171,	1646099368390
1646099371599,	1646099371811
1646099374981,	1646099375237
1646099378381,	1646099378589
1646099381761,	1646099381971
1646099385179,	1646099385389
1646099388564,	1646099388775
1646099391982,	1646099392191
1646099395398,	1646099395615
1646099398826,	1646099399035
1646099402321,	1646099402536
1646099405801,	1646099406013
1646099409259,	1646099409478
1646099412761,	1646099412985
1646099416297,	1646099416514
1646099419819,	1646099420036
1646099423277,	1646099423496
1646099426799,	1646099427025
1646099430373,	1646099430590
1646099433898,	1646099434124
1646099437479,	1646099437708
1646099441079,	1646099441309
1646099444698,	1646099444925
1646099448319,	1646099448550
1646099453378,	1646099453608
1646099457164,	1646099457389
1646099460782,	1646099461012
1646099464579,	1646099464812
1646099468217,	1646099468568
1646099472019,	1646099472248
1646099475720,	1646099475951
1646099479419,	1646099479654
1646099483162,	1646099483394
1646099486920,	1646099487154
1646099490643,	1646099490874
1646099494432,	1646099494684
1646099498239,	1646099498472
1646099502040,	1646099502283
1646099505797,	1646099506034
1646099509783,	1646099510089
1646099513642,	1646099513892
1646099517497,	1646099517738
1646099521336,	1646099521587
1646099525301,	1646099525546
1646099529198,	1646099529461
1646099533241,	1646099533488
1646099537122,	1646099537367
1646099541018,	1646099541268
1646099544964,	1646099545211
1646099548900,	1646099549149
1646099552838,	1646099553090
1646099556782,	1646099557031
1646099560758,	1646099561012
1646099564824,	1646099565074
1646099568816,	1646099569069
1646099572799,	1646099573050
1646099576876,	1646099577133
1646099580932,	1646099581189
1646099584956,	1646099585211
1646099589056,	1646099589314
1646099593155,	1646099593424
1646099597256,	1646099597513
1646099601355,	1646099601612
1646099605459,	1646099605724
1646099609616,	1646099609875
1646099613796,	1646099614063
1646099618003,	1646099618269
1646099622176,	1646099622444
1646099626375,	1646099626648
1646099630636,	1646099630905
1646099634881,	1646099635155
1646099639117,	1646099639389
1646099643399,	1646099643671
1646099647692,	1646099647968
1646099652041,	1646099652308
1646099656318,	1646099656589
1646099660695,	1646099660970
1646099665001,	1646099665271
1646099669296,	1646099669578
1646099673637,	1646099673911
1646099677995,	1646099678272
1646099682399,	1646099682671
1646099686915,	1646099687202
1646099691455,	1646099691744
1646099695997,	1646099696281
1646099700536,	1646099700826
1646099705095,	1646099705381
1646099709676,	1646099709967
1646099714259,	1646099714545
1646099719053,	1646099719344
1646099723659,	1646099723945
1646099728278,	1646099728564
1646099732936,	1646099733222
1646099737596,	1646099737886
1646099742238,	1646099742529
1646099746916,	1646099747206
1646099751597,	1646099751889
1646099756298,	1646099756589
1646099760994,	1646099761288
1646099765733,	1646099766031
1646099770454,	1646099770750
1646099775220,	1646099775528
1646099779975,	1646099780350
1646099784834,	1646099785131
1646099789598,	1646099789894
1646099794378,	1646099794682
1646099799253,	1646099799553
1646099804134,	1646099804444
1646099809382,	1646099809772
1646099814381,	1646099814694
1646099819247,	1646099819553
1646099824125,	1646099824438
1646099829060,	1646099829372
1646099834012,	1646099834328
1646099838952,	1646099839267
1646099843920,	1646099844235
1646099848959,	1646099849272
1646099853941,	1646099854267
1646099858953,	1646099859271